TIMEPOINT,FOLDER,FILENAME,VIAL,REP,POINT,TEMP,SYMBIONT_TREATMENT,AVERAGE_FvFm,PAR,F,FvFm,Fm',Fo,Y(ii),Y(NPQ),Y(NO),NPQ,qN,qP,qL,ETR,Abs,lnh
1,11.4.24,T1V1-6,1,1,1,27.5,D,,0,0.0982,0.070075758,0.1056,0.0982,0.069,0,0.931,0,0,1,1,0,0,0
1,11.4.24,T1V1-6,2,1,2,27.5,D,,0,0.2991,0.085321101,0.327,0.2991,0.085,0,0.915,0,0,1,1,0,0,-0.227
1,11.4.24,T1V1-6,2,2,3,27.5,D,,0,0.1193,0.302746932,0.1711,0.1193,0.303,0,0.697,0,0,1,1,0,0,-3.361
1,11.4.24,T1V1-6,3,1,4,27.5,D,,0,0.1647,0.381756757,0.2664,0.1647,0.382,0,0.618,0,0,1,1,0,0,-4.496
1,11.4.24,T1V1-6,3,2,5,27.5,D,,0,0.1848,0.308900524,0.2674,0.1848,0.309,0,0.691,0,0,1,1,0,0,-3.449
1,11.4.24,T1V1-6,3,3,14,27.5,D,,0,,0.308900524,,,,,,,,,,,,
1,11.4.24,T1V1-6,3,4,15,27.5,D,,0,,0.308900524,,,,,,,,,,,,
1,11.4.24,T1V1-6,3,5,6,27.5,D,,0,0.1149,0.508133562,0.2336,0.1149,0.508,0,0.492,0,0,1,1,0,0,-6.321
1,11.4.24,T1V1-6,4,1,7,27.5,C,,0,0.1618,0.219111969,0.2072,0.1618,0.219,0,0.781,0,0,1,1,0,0,-2.158
1,11.4.24,T1V1-6,4,2,8,27.5,C,,0,0.2375,0.114796869,0.2683,0.2375,0.115,0,0.885,0,0,1,1,0,0,-0.652
1,11.4.24,T1V1-6,5,1,9,27.5,C,,0,0.2571,0.280436608,0.3573,0.2571,0.28,0,0.72,0,0,1,1,0,0,-3.038
1,11.4.24,T1V1-6,5,2,10,27.5,C,,0,0.1559,0.229362333,0.2023,0.1559,0.229,0,0.771,0,0,1,1,0,0,-2.304
1,11.4.24,T1V1-6,6,1,11,27.5,D,,0,0.1515,0.37756779,0.2434,0.1515,0.378,0,0.622,0,0,1,1,0,0,-4.436
1,11.4.24,T1V1-6,6,2,12,27.5,D,,0,0.1593,0.355843106,0.2473,0.1593,0.356,0,0.644,0,0,1,1,0,0,-4.123
1,11.4.24,T1V1-6,6,3,13,27.5,D,,0,0.1706,0.294749897,0.2419,0.1706,0.295,0,0.705,0,0,1,1,0,0,-3.247
1,11.4.24,T1V7-12,7,1,NA,27.5,C,,0,0,0,0,0,0,0,0,0,0,0,0,0,0,0
1,11.4.24,T1V7-12,8,1,1,27.5,D,,0,0.1227,0.406386067,0.2067,0.1227,0.407,0,0.593,0,0,1,1,0,0,0
1,11.4.24,T1V7-12,9,1,2,27.5,D,,0,0.1628,0.219932918,0.2087,0.1628,0.22,0,0.78,0,0,1,1,0,0,0.459
1,11.4.24,T1V7-12,10,1,3,27.5,C,,0,0.1442,0.546112685,0.3177,0.1442,0.546,0,0.454,0,0,1,1,0,0,-0.343
1,11.4.24,T1V7-12,10,2,4,27.5,C,,0,0.1256,0.497197758,0.2498,0.1256,0.497,0,0.503,0,0,1,1,0,0,-0.222
1,11.4.24,T1V7-12,11,1,5,27.5,D,,0,0.174,0.330769231,0.26,0.174,0.331,0,0.669,0,0,1,1,0,0,0.186
1,11.4.24,T1V7-12,11,2,6,27.5,D,,0,0.2131,0.198570891,0.2659,0.2131,0.199,0,0.801,0,0,1,1,0,0,0.512
1,11.4.24,T1V7-12,12,1,7,27.5,C,,0,0.1031,0.301490515,0.1476,0.1031,0.301,0,0.699,0,0,1,1,0,0,0.259
1,11.4.24,T1V13-18,13,1,1,27.5,C,,0,0.3656,0.053095053,0.3861,0.3656,0.053,0,0.947,0,0,0,0,0,0,0
1,11.4.24,T1V13-18,13,2,2,27.5,C,,0,0.2004,0.219017927,0.2566,0.2004,0.219,0,0.781,0,0,1,1,0,0,-3.12
1,11.4.24,T1V13-18,14,1,3,27.5,C,,0,0.1041,0.082010582,0.1134,0.1041,0.082,0,0.918,0,0,1,1,0,0,-0.54
1,11.4.24,T1V13-18,15,1,4,27.5,D,,0,0.1232,0.136650315,0.1427,0.1232,0.137,0,0.863,0,0,1,1,0,0,-1.577
1,11.4.24,T1V13-18,16,1,5,27.5,C,,0,0.1129,0.147924528,0.1325,0.1129,0.148,0,0.852,0,0,1,1,0,0,-1.776
1,11.4.24,T1V13-18,17,1,6,27.5,C,0.330894596,0,0.1564,0.336162988,0.2356,0.1564,0.336,0,0.664,0,0,1,1,0,0,-5.322
1,11.4.24,T1V13-18,17,2,7,27.5,C,,0,0.175,0.325626204,0.2595,0.175,0.326,0,0.674,0,0,1,1,0,0,-5.128
1,11.4.24,T1V13-18,18,1,8,27.5,C,0.125396203,0,0.2341,0.103065134,0.261,0.2341,0.103,0,0.897,0,0,1,1,0,0,-0.937
1,11.4.24,T1V13-18,18,2,9,27.5,C,,0,0.15,0.147727273,0.176,0.15,0.147,0,0.853,0,0,1,1,0,0,-1.769
1,11.4.24,T1V19-24,19,1,1,27.5,D,,0,0.1549,0.045594578,0.1623,0.1549,0.045,0,0.955,0,0,1,1,0,0,0
1,11.4.24,T1V19-24,20,1,2,27.5,D,0.375873476,0,0.0934,0.450911229,0.1701,0.0934,0.451,0,0.549,0,0,1,1,0,0,-8.985
1,11.4.24,T1V19-24,20,2,3,27.5,D,,0,0.0899,0.298204528,0.1281,0.0899,0.298,0,0.702,0,0,1,1,0,0,-5.589
1,11.4.24,T1V19-24,20,3,4,27.5,D,,0,0.1197,0.378504673,0.1926,0.1197,0.378,0,0.622,0,0,1,1,0,0,-7.37
1,11.4.24,T1V19-24,21,1,5,27.5,C,0.237871309,0,0.1735,0.176554343,0.2107,0.1735,0.176,0,0.824,0,0,1,1,0,0,-2.903
1,11.4.24,T1V19-24,21,2,6,27.5,C,,0,0.0855,0.316546763,0.1251,0.0855,0.316,0,0.684,0,0,1,1,0,0,-6.003
1,11.4.24,T1V19-24,21,3,7,27.5,C,,0,0.152,0.220512821,0.195,0.152,0.221,0,0.779,0,0,1,1,0,0,-3.882
1,11.4.24,T1V19-24,22,1,8,27.5,D,,0,0.1569,0.432754881,0.2766,0.1569,0.433,0,0.567,0,0,1,1,0,0,-8.581
1,11.4.24,T1V19-24,23,1,9,27.5,D,,0,0.0836,0.127348643,0.0958,0.0836,0.128,0,0.872,0,0,1,1,0,0,-1.823
1,11.4.24,T1V19-24,24,1,10,27.5,C,0.177976593,0,0.1002,0.202229299,0.1256,0.1002,0.202,0,0.798,0,0,1,1,0,0,-3.478
1,11.4.24,T1V19-24,24,2,11,27.5,C,,0,0.0753,0.213987474,0.0958,0.0753,0.214,0,0.786,0,0,1,1,0,0,-3.743
1,11.4.24,T1V19-24,24,3,12,27.5,C,,0,0.1574,0.117713004,0.1784,0.1574,0.118,0,0.882,0,0,1,1,0,0,-1.607
1,11.4.24,T1V25-30,25,1,1,27.5,C,,0,0.1681,0.173143138,0.2033,0.1681,0.173,0,0.827,0,0,1,1,0,0,0
1,11.4.24,T1V25-30,26,1,2,27.5,D,,0,0.1124,0.119122257,0.1276,0.1124,0.119,0,0.881,0,0,1,1,0,0,0.314
1,11.4.24,T1V25-30,27,1,3,27.5,C,0.388478864,0,0.1041,0.362132353,0.1632,0.1041,0.362,0,0.638,0,0,1,1,0,0,-1.093
1,11.4.24,T1V25-30,27,2,4,27.5,C,,0,0.0821,0.414825374,0.1403,0.0821,0.415,0,0.585,0,0,1,1,0,0,-1.396
1,11.4.24,T1V25-30,28,1,5,27.5,C,0.329291226,0,0.1232,0.168129642,0.1481,0.1232,0.168,0,0.832,0,0,1,1,0,0,0.028
1,11.4.24,T1V25-30,28,2,6,27.5,C,,0,0.0934,0.49045281,0.1833,0.0934,0.491,0,0.509,0,0,1,1,0,0,-1.835
1,11.4.24,T1V25-30,29,1,7,27.5,D,0.213163406,0,0.173,0.169068204,0.2082,0.173,0.169,0,0.831,0,0,1,1,0,0,0.023
1,11.4.24,T1V25-30,29,2,8,27.5,D,,0,0.11,0.257258609,0.1481,0.11,0.257,0,0.743,0,0,1,1,0,0,-0.487
1,11.4.24,T1V25-30,30,1,9,27.5,C,0.182457903,0,0.0987,0.257336343,0.1329,0.0987,0.257,0,0.743,0,0,1,1,0,0,-0.487
1,11.4.24,T1V25-30,30,2,10,27.5,C,,0,0.1095,0.107579462,0.1227,0.1095,0.108,0,0.892,0,0,1,1,0,0,0.378
1,11.4.24,T1V31-36,31,1,1,27.5,D,,0,0.1129,0.19241774,0.1398,0.1129,0.192,0,0.808,0,0,1,1,0,0,0
1,11.4.24,T1V31-36,32,1,NA,27.5,D,,0,0,0,0,0,0,0,0,0,0,0,0,0,0,0
1,11.4.24,T1V31-36,33,1,NA,27.5,C,,0,0,0,0,0,0,0,0,0,0,0,0,0,0,0
1,11.4.24,T1V31-36,34,1,2,27.5,D,,0,0.0963,0.053097345,0.1017,0.0963,0.053,0,0.947,0,0,1,1,0,0,0.725
1,11.4.24,T1V31-36,35,1,3,27.5,C,0.137294921,0,0.1051,0.129246065,0.1207,0.1051,0.13,0,0.87,0,0,1,1,0,0,0.326
1,11.4.24,T1V31-36,35,2,4,27.5,C,,0,0.0982,0.145343777,0.1149,0.0982,0.145,0,0.855,0,0,1,1,0,0,0.248
1,11.4.24,T1V31-36,36,1,5,27.5,C,0.283571269,0,0.0938,0.372994652,0.1496,0.0938,0.373,0,0.627,0,0,1,1,0,0,-0.937
1,11.4.24,T1V31-36,36,2,6,27.5,C,,0,0.0987,0.252272727,0.132,0.0987,0.252,0,0.748,0,0,1,1,0,0,-0.31
1,11.4.24,T1V31-36,36,3,7,27.5,C,,0,0.1041,0.225446429,0.1344,0.1041,0.225,0,0.775,0,0,1,1,0,0,-0.172
1,11.4.24,T1V37-42,37,1,1,27.5,D,0.428521714,0,0.1256,0.517850288,0.2605,0.1256,0.518,0,0.482,0,0,1,1,0,0,0
1,11.4.24,T1V37-42,37,2,2,27.5,D,,0,0.1398,0.506878307,0.2835,0.1398,0.507,0,0.493,0,0,1,1,0,0,0.021
1,11.4.24,T1V37-42,37,3,3,27.5,D,,0,0.1383,0.319724545,0.2033,0.1383,0.32,0,0.68,0,0,1,1,0,0,0.383
1,11.4.24,T1V37-42,37,4,4,27.5,D,,0,0.1701,0.376237624,0.2727,0.1701,0.376,0,0.624,0,0,1,1,0,0,0.273
1,11.4.24,T1V37-42,37,5,5,27.5,D,,0,0.1266,0.421917808,0.219,0.1266,0.422,0,0.578,0,0,1,1,0,0,0.185
1,11.4.24,T1V37-42,38,1,NA,27.5,D,,0,0,0,0,0,0,0,0,0,0,0,0,0,0,0
1,11.4.24,T1V37-42,39,1,6,27.5,C,,0,0.0865,0.283347142,0.1207,0.0865,0.283,0,0.717,0,0,1,1,0,0,0.453
1,11.4.24,T1V37-42,40,1,7,27.5,C,,0,0.0753,0.233197556,0.0982,0.0753,0.234,0,0.766,0,0,1,1,0,0,0.548
1,11.4.24,T1V37-42,41,1,8,27.5,D,0.348760331,0,0.0855,0.411157025,0.1452,0.0855,0.411,0,0.589,0,0,1,1,0,0,0.207
1,11.4.24,T1V37-42,41,2,9,27.5,D,,0,0.1256,0.286363636,0.176,0.1256,0.286,0,0.714,0,0,1,1,0,0,0.447
1,11.4.24,T1V37-42,42,1,10,27.5,D,0.366293944,0,0.1051,0.568200493,0.2434,0.1051,0.568,0,0.432,0,0,1,1,0,0,-0.097
1,11.4.24,T1V37-42,42,2,11,27.5,D,,0,0.1378,0.22102883,0.1769,0.1378,0.221,0,0.779,0,0,1,1,0,0,0.573
1,11.4.24,T1V37-42,42,3,12,27.5,D,,0,0.0894,0.30965251,0.1295,0.0894,0.309,0,0.691,0,0,1,1,0,0,0.402
1,11.4.24,T2V1-6,1,1,1,31,D,0.197261536,0,0.2146,0.341717791,0.326,0.2146,0.342,0,0.658,0,0,1,1,0,0,0
1,11.4.24,T2V1-6,1,2,2,31,D,,0,0.2009,0.052805281,0.2121,0.2009,0.053,0,0.947,0,0,1,1,0,0,0.845
1,11.4.24,T2V1-6,2,1,NA,31,C,,0,0,0,0,0,0,0,0,0,0,0,0,0,0,0
1,11.4.24,T2V1-6,3,1,NA,31,D,,0,0,0,0,0,0,0,0,0,0,0,0,0,0,0
1,11.4.24,T2V1-6,4,1,NA,31,D,,0,0,0,0,0,0,0,0,0,0,0,0,0,0,0
1,11.4.24,T2V1-6,5,1,NA,31,D,,0,0,0,0,0,0,0,0,0,0,0,0,0,0,0
1,11.4.24,T2V1-6,6,1,1,31,C,,0,0.1227,0.270077335,0.1681,0.1227,0.27,0,0.73,0,0,1,1,0,0,0.209
1,11.4.24,T2V7-12,7,1,NA,31,,,0,0,0,0,0,0,0,0,0,0,0,0,0,0,0
1,11.4.24,T2V7-12,8,1,1,31,,0.297886139,0,0.2234,0.224036124,0.2879,0.2234,0.224,0,0.776,0,0,1,1,0,0,0
1,11.4.24,T2V7-12,8,2,2,31,,,0,0.1369,0.223922902,0.1764,0.1369,0.224,0,0.776,0,0,1,1,0,0,-0.001
1,11.4.24,T2V7-12,8,3,3,31,,,0,0.1276,0.445699392,0.2302,0.1276,0.446,0,0.554,0,0,1,1,0,0,-0.989
1,11.4.24,T2V7-12,9,1,4,31,,,0,0.1012,0.283793347,0.1413,0.1012,0.284,0,0.716,0,0,1,1,0,0,-0.266
1,11.4.24,T2V7-12,10,1,5,31,,,0,0.2493,0.154054971,0.2947,0.2493,0.154,0,0.846,0,0,1,1,0,0,0.312
1,11.4.24,T2V7-12,11,1,NA,31,,,0,0,0,0,0,0,0,0,0,0,0,0,0,0,0
1,11.4.24,T2V7-12,12,1,NA,31,,,0,0,0,0,0,0,0,0,0,0,0,0,0,0,0
1,11.4.24,T2V13-18,13,1,NA,31,,,0,0,0,0,0,0,0,0,0,0,0,0,0,0,0
1,11.4.24,T2V13-18,14,1,1,31,,0.362809902,0,0.1241,0.388067061,0.2028,0.1241,0.388,0,0.612,0,0,1,1,0,0,0
1,11.4.24,T2V13-18,14,2,2,31,,,0,0.1256,0.337552743,0.1896,0.1256,0.388,0,0.662,0,0,1,1,0,0,0.13
1,11.4.24,T2V13-18,15,1,NA,31,,,0,0,0,0,0,0,0,0,0,0,0,0,0,0,0
1,11.4.24,T2V13-18,16,1,3,31,,0.498951034,0,0.1041,0.520276498,0.217,0.1041,0.52,0,0.48,0,0,1,1,0,0,-0.341
1,11.4.24,T2V13-18,16,2,4,31,,,0,0.1144,0.477625571,0.219,0.1144,0.478,0,0.522,0,0,1,1,0,0,-0.231
1,11.4.24,T2V13-18,17,1,5,31,,,0,0.1672,0.239654388,0.2199,0.1672,0.24,0,0.76,0,0,1,1,0,0,0.381
1,11.4.24,T2V13-18,18,1,6,31,,0.412048922,0,0.0919,0.574537037,0.216,0.0919,0.575,0,0.425,0,0,1,1,0,0,-0.481
1,11.4.24,T2V13-18,18,2,7,31,,,0,0.1862,0.335237415,0.2801,0.1862,0.335,0,0.665,0,0,1,1,0,0,0.136
1,11.4.24,T2V13-18,18,3,8,31,,,0,0.1129,0.326372315,0.1676,0.1129,0.327,0,0.673,0,0,1,1,0,0,0.158
1,11.4.24,T2V19-24,19,1,1,31,,0.304635561,0,0.1554,0.321989529,0.2292,0.1554,0.322,0,0.678,0,0,1,1,0,0,0
1,11.4.24,T2V19-24,19,2,2,31,,,0,0.0723,0.37075718,0.1149,0.0723,0.37,0,0.63,0,0,1,1,0,0,-0.15
1,11.4.24,T2V19-24,19,3,3,31,,,0,0.1222,0.221159975,0.1569,0.1222,0.221,0,0.779,0,0,1,1,0,0,0.313
1,11.4.24,T2V19-24,20,1,NA,31,,,0,0,0,0,0,0,0,0,0,0,0,0,0,0,0
1,11.4.24,T2V19-24,21,1,NA,31,,,0,0,0,0,0,0,0,0,0,0,0,0,0,0,0
1,11.4.24,T2V19-24,22,1,1,31,,,0,0.1237,0.111988514,0.1393,0.1237,0.112,0,0.888,0,0,1,1,0,0,0.651
1,11.4.24,T2V19-24,23,1,NA,31,,,0,0,0,0,0,0,0,0,0,0,0,0,0,0,0
1,11.4.24,T2V19-24,24,1,NA,31,,,0,0,0,0,0,0,0,0,0,0,0,0,0,0,0
1,11.4.24,T2V25-30,25,1,NA,31,,,0,0,0,0,0,0,0,0,0,0,0,0,0,0,0
1,11.4.24,T2V25-30,26,1,1,31,,0.148680863,0,0.109,0.158301158,0.1295,0.109,0.158,0,0.842,0,0,1,1,0,0,0
1,11.4.24,T2V25-30,26,2,2,31,,,0,0.1393,0.139060569,0.1618,0.1393,0.139,0,0.861,0,0,1,1,0,0,0.123
1,11.4.24,T2V25-30,27,1,3,31,,0.291379362,0,0.0914,0.467365967,0.1716,0.0914,0.467,0,0.533,0,0,1,1,0,0,-1.948
1,11.4.24,T2V25-30,27,2,4,31,,,0,0.086,0.241622575,0.1134,0.086,0.241,0,0.759,0,0,1,1,0,0,-0.523
1,11.4.24,T2V25-30,27,3,5,31,,,0,0.1926,0.165149545,0.2307,0.1926,0.165,0,0.835,0,0,1,1,0,0,-0.043
1,11.4.24,T2V25-30,28,1,6,31,,0.222316216,0,0.1388,0.262486716,0.1882,0.1388,0.262,0,0.738,0,0,1,1,0,0,-0.655
1,11.4.24,T2V25-30,28,2,7,31,,,0,0.2043,0.182145717,0.2498,0.2043,0.182,0,0.818,0,0,1,1,0,0,-0.148
1,11.4.24,T2V25-30,29,1,8,31,,,0,0.1207,0.22578576,0.1559,0.1207,0.226,0,0.774,0,0,1,1,0,0,-0.424
1,11.4.24,T2V25-30,30,1,9,31,,,0,0.0963,0,0,0.0963,0.457,0,0.543,0,0,1,1,0,0,-1.885
1,11.4.24,T2V31-36,31,1,1,31,,,0,0.1906,0.299779574,0.2722,0.1906,0.3,0,0.7,0,0,1,1,0,0,0
1,11.4.24,T2V31-36,32,1,2,31,,,0,0.2199,0.146350932,0.2576,0.2199,0.146,0,0.854,0,0,1,1,0,0,0.513
1,11.4.24,T2V31-36,33,1,3,31,,0.430781844,0,0.1281,0.430160142,0.2248,0.1281,0.43,0,0.57,0,0,1,1,0,0,-0.436
1,11.4.24,T2V31-36,33,2,4,31,,,0,0.2121,0.379098361,0.3416,0.2121,0.379,0,0.621,0,0,1,1,0,0,-0.264
1,11.4.24,T2V31-36,33,3,5,31,,,0,0.1574,0.483087028,0.3045,0.1574,0.483,0,0.517,0,0,1,1,0,0,-0.611
1,11.4.24,T2V31-36,34,1,6,31,,,0,0.1828,0.294208494,0.259,0.1828,0.294,0,0.706,0,0,1,1,0,0,0.018
1,11.4.24,T2V31-36,35,1,NA,31,,,0,0,0,0,0,0,0,0,0,0,0,0,0,0,0
1,11.4.24,T2V31-36,36,1,7,31,,,0,0.1447,0.296890185,0.2058,0.1447,0.297,0,0.703,0,0,1,1,0,0,0.01
1,11.4.24,T2V37-42,37,1,1,31,,0.188910326,0,0.1085,0.297279793,0.1544,0.1085,0.297,0,0.703,0,0,1,1,0,0,0
1,11.4.24,T2V37-42,37,2,2,31,,,0,0.1564,0.080540858,0.1701,0.1564,0.08,0,0.92,0,0,1,1,0,0,0.73
1,11.4.24,T2V37-42,38,1,3,31,,0.295798917,0,0.1833,0.324364173,0.2713,0.1833,0.324,0,0.676,0,0,1,1,0,0,-0.09
1,11.4.24,T2V37-42,38,2,4,31,,,0,0.1637,0.267233662,0.2234,0.1637,0.267,0,0.733,0,0,1,1,0,0,0.103
1,11.4.24,T2V37-42,39,1,5,31,,0.357108529,0,0.1105,0.375353307,0.1769,0.1105,0.376,0,0.624,0,0,1,1,0,0,-0.263
1,11.4.24,T2V37-42,39,2,6,31,,,0,0.1315,0.338863751,0.1989,0.1315,0.339,0,0.661,0,0,1,1,0,0,-0.14
1,11.4.24,T2V37-42,40,1,NA,31,,,0,0,0,0,0,0,0,0,0,0,0,0,0,0,0
1,11.4.24,T2V37-42,41,1,NA,31,,,0,0,0,0,0,0,0,0,0,0,0,0,0,0,0
1,11.4.24,T2V37-42,42,1,NA,31,,,0,0,0,0,0,0,0,0,0,0,0,0,0,0,0
1,11.4.24,3,1,1,NA,35.5,,,0,0,0,0,0,0,0,0,0,0,0,0,0,0,0
1,11.4.24,T3,2,1,NA,35.5,,,0,0,0,0,0,0,0,0,0,0,0,0,0,0,0
1,11.4.24,T3V3,3,1,NA,35.5,,,0,0,0,0,0,0,0,0,0,0,0,0,0,0,0
1,11.4.24,T3V4,4,1,1,35.5,,0.071893224,0,0.1999,0.051257712,0.2107,0.1999,0.051,0,0.949,0,0,1,1,0,0,0
1,11.4.24,T3V4,4,2,2,35.5,,,0,0.1579,0.092528736,0.174,0.1579,0.093,0,0.907,0,0,1,1,0,0,-0.816
1,11.4.24,T3V5V6,5,1,NA,35.5,,,0,0,0,0,0,0,0,0,0,0,0,0,0,0,0
1,11.4.24,T3V5V6,6,1,NA,35.5,,,0,0,0,0,0,0,0,0,0,0,0,0,0,0,0
1,11.4.24,T3V7-12,7,1,NA,35.5,,,0,0,0,0,0,0,0,0,0,0,0,0,0,0,0
1,11.4.24,T3V7-12,8,1,1,35.5,,,0,0.1613,0.133727175,0.1862,0.1613,0.134,0,0.866,0,0,1,1,0,0,0
1,11.4.24,T3V7-12,9,1,2,35.5,,0.240966358,0,0.3382,0.187800192,0.4164,0.3382,0.188,0,0.812,0,0,1,1,0,0,-0.403
1,11.4.24,T3V7-12,9,2,3,35.5,,,0,0.5582,0.294132524,0.7908,0.5582,0.294,0,0.706,0,0,1,1,0,0,-1.198
1,11.4.24,T3V7-12,10,1,4,35.5,,0.162755122,0,0.1588,0.121681416,0.1808,0.1588,0.122,0,0.878,0,0,1,1,0,0,0.091
1,11.4.24,T3V7-12,10,2,5,35.5,,,0,0.2121,0.203828829,0.2664,0.2121,0.204,0,0.796,0,0,1,1,0,0,-0.522
1,11.4.24,T3V7-12,11,1,6,35.5,,,0,0.588,0.293948127,0.8328,0.588,0.294,0,0.706,0,0,1,1,0,0,-1.196
1,11.4.24,T3V7-12,12,1,NA,35.5,,,0,0,0,0,0,0,0,0,0,0,0,0,0,0,0
1,11.4.24,T3V13-18,13,1,1,35.5,,0.19731277,0,0.238,0.215815486,0.3035,0.238,0.216,0,0.784,0,0,1,1,0,0,0
1,11.4.24,T3V13-18,13,2,2,35.5,,,0,0.2581,0.178810054,0.3143,0.2581,0.179,0,0.821,0,0,1,1,0,0,0.171
1,11.4.24,T3V13-18,14,1,3,35.5,,,0,0.1789,0.348744084,0.2747,0.1789,0.349,0,0.651,0,0,1,1,0,0,-0.616
1,11.4.24,T3V13-18,15,1,NA,35.5,,,0,0,0,0,0,0,0,0,0,0,0,0,0,0,0
1,11.4.24,T3V13-18,16,1,NA,35.5,,,0,0,0,0,0,0,0,0,0,0,0,0,0,0,0
1,11.4.24,T3V13-18,17,1,NA,35.5,,,0,0,0,0,0,0,0,0,0,0,0,0,0,0,0
1,11.4.24,T3V13-18,18,1,NA,35.5,,,0,0,0,0,0,0,0,0,0,0,0,0,0,0,0
1,11.4.24,T3V19-24,19,1,NA,35.5,,,0,0,0,0,0,0,0,0,0,0,0,0,0,0,0
1,11.4.24,T3V19-24,20,2,NA,35.5,,,0,0,0,0,0,0,0,0,0,0,0,0,0,0,0
1,11.4.24,T3V19-24,21,3,NA,35.5,,,0,0,0,0,0,0,0,0,0,0,0,0,0,0,0
1,11.4.24,T3V19-24,22,4,NA,35.5,,,0,0,0,0,0,0,0,0,0,0,0,0,0,0,0
1,11.4.24,T3V19-24,23,5,NA,35.5,,,0,0,0,0,0,0,0,0,0,0,0,0,0,0,0
1,11.4.24,T3V19-24,24,6,NA,35.5,,,0,0,0,0,0,0,0,0,0,0,0,0,0,0,0
1,11.4.24,T3V25-30,25,1,1,35.5,,0.204840524,0,0.1632,0.418181818,0.2805,0.1632,0.418,0,0.582,0,0,1,1,0,0,0
1,11.4.24,T3V25-30,25,2,2,35.5,,,0,0.1339,0.119078947,0.152,0.1339,0.119,0,0.881,0,0,1,1,0,0,0.715
1,11.4.24,T3V25-30,25,3,3,35.5,,,0,0.1608,0.127509495,0.1843,0.1608,0.127,0,0.873,0,0,1,1,0,0,0.695
1,11.4.24,T3V25-30,25,4,4,35.5,,,0,0.1657,0.154591837,0.196,0.1657,0.155,0,0.845,0,0,1,1,0,0,0.63
1,11.4.24,T3V25-30,26,1,NA,35.5,,,0,0,0,0,0,0,0,0,0,0,0,0,0,0,0
1,11.4.24,T3V25-30,27,1,NA,35.5,,,0,0,0,0,0,0,0,0,0,0,0,0,0,0,0
1,11.4.24,T3V25-30,28,1,NA,35.5,,,0,0,0,0,0,0,0,0,0,0,0,0,0,0,0
1,11.4.24,T3V25-30,29,1,NA,35.5,,,0,0,0,0,0,0,0,0,0,0,0,0,0,0,0
1,11.4.24,T3V25-30,30,1,NA,35.5,,,0,0,0,0,0,0,0,0,0,0,0,0,0,0,0
1,11.4.24,T3V31-36,31,1,NA,35.5,,,0,0,0,0,0,0,0,0,0,0,0,0,0,0,0
1,11.4.24,T3V31-36,32,1,NA,35.5,,,0,0,0,0,0,0,0,0,0,0,0,0,0,0,0
1,11.4.24,T3V31-36,33,1,NA,35.5,,,0,0,0,0,0,0,0,0,0,0,0,0,0,0,0
1,11.4.24,T3V31-36,34,1,NA,35.5,,,0,0,0,0,0,0,0,0,0,0,0,0,0,0,0
1,11.4.24,T3V31-36,35,1,NA,35.5,,,0,0,0,0,0,0,0,0,0,0,0,0,0,0,0
1,11.4.24,T3V31-36,36,1,NA,35.5,,,0,0,0,0,0,0,0,0,0,0,0,0,0,0,0
1,11.4.24,T3V37-42,37,1,1,35.5,,,0,0.1153,0.308338332,0.1667,0.1153,0.308,0,0.692,0,0,1,1,0,0,0
1,11.4.24,T3V37-42,38,1,2,35.5,,0.141010251,0,0.1696,0.227334852,0.2195,0.1696,0.227,0,0.773,0,0,1,1,0,0,0.262
1,11.4.24,T3V37-42,38,2,3,35.5,,,0,0.1823,0.118045477,0.2067,0.1823,0.118,0,0.882,0,0,1,1,0,0,0.616
1,11.4.24,T3V37-42,38,3,4,35.5,,,0,0.1281,0.188727042,0.1579,0.1281,0.189,0,0.811,0,0,1,1,0,0,0.387
1,11.4.24,T3V37-42,38,4,5,35.5,,,0,0.2312,0.081446166,0.2517,0.2312,0.082,0,0.918,0,0,1,1,0,0,0.735
1,11.4.24,T3V37-42,38,5,6,35.5,,,0,0.1994,0.089497717,0.219,0.1994,0.089,0,0.911,0,0,1,1,0,0,0.71
1,11.4.24,T3V37-42,39,1,NA,35.5,,,0,0,0,0,0,0,0,0,0,0,0,0,0,0,0
1,11.4.24,T3V37-42,40,1,NA,35.5,,,0,0,0,0,0,0,0,0,0,0,0,0,0,0,0
1,11.4.24,T3V37-42,41,1,NA,35.5,,,0,0,0,0,0,0,0,0,0,0,0,0,0,0,0
1,11.4.24,T3V37-42,42,1,NA,35.5,,,0,0,0,0,0,0,0,0,0,0,0,0,0,0,0
4,14.4.24,T3V1-6_14 (supposed to be T1),1,1,NA,27.5,,,0,0,0,0,0,0,0,0,0,0,0,0,0,0,0
4,14.4.24,T3V1-6_14 (supposed to be T1),2,1,1,27.5,,,0,0.1153,0.374389582,0.1843,0.1153,0.374,0,0.626,0,0,1,1,0,0,0
4,14.4.24,T3V1-6_14 (supposed to be T1),2,2,2,27.5,,,0,0.1349,0.321769734,0.1989,0.1349,0.322,0,0.678,0,0,1,1,0,0,0.139
4,14.4.24,T3V1-6_14 (supposed to be T1),3,1,3,27.5,,,0,0.1134,0.303439803,0.1628,0.1134,0.303,0,0.697,0,0,1,1,0,0,0.189
4,14.4.24,T3V1-6_14 (supposed to be T1),4,1,4,27.5,,,0,0.3876,0.083254494,0.4228,0.3876,0.083,0,0.917,0,0,1,1,0,0,0.777
4,14.4.24,T3V1-6_14 (supposed to be T1),5,1,NA,27.5,,,0,0,0,0,0,0,0,0,0,0,0,0,0,0,0
4,14.4.24,T3V1-6_14 (supposed to be T1),6,1,NA,27.5,,,0,0,0,0,0,0,0,0,0,0,0,0,0,0,0
4,14.4.24,T3V7-8_14,7,1,1,27.5,,,0,0.1691,0.162456662,0.2019,0.1691,0.162,0,0.838,0,0,1,1,0,0,0
4,14.4.24,T3V7-8_14,8,1,2,27.5,,,0,0.1637,0.172814553,0.1979,0.1637,0.173,0,0.827,0,0,1,1,0,0,-0.065
4,14.4.24,T3V7-8_14,8,2,3,27.5,,,0,0.1784,0.089795918,0.196,0.1784,0.09,0,0.91,0,0,1,1,0,0,0.447
4,14.4.24,T3V9-12_14,9,1,1,27.5,,,0,0.1178,0.274183611,0.1623,0.1178,0.274,0,0.726,0,0,1,1,0,0,0
4,14.4.24,T3V9-12_14,10,1,2,27.5,,,0,0.1334,0.606721698,0.3392,0.1334,0.607,0,0.393,0,0,1,1,0,0,-1.213
4,14.4.24,T3V9-12_14,10,2,3,27.5,,,0,0.0826,0.347551343,0.1266,0.0826,0.347,0,0.653,0,0,1,1,0,0,-0.268
4,14.4.24,T3V9-12_14,10,3,4,27.5,,,0,0.0792,0.346534653,0.1212,0.0792,0.347,0,0.653,0,0,1,1,0,0,-0.265
4,14.4.24,T3V9-12_14,11,1,NA,27.5,,,0,0,0,0,0,0,0,0,0,0,0,0,0,0,0
4,14.4.24,T3V9-12_14,12,1,5,27.5,,,0,0.1471,0.157020057,0.1745,0.1471,0.157,0,0.843,0,0,1,1,0,0,0.428
4,14.4.24,T3V9-12_14,13,1,NA,27.5,,,0,0,0,0,0,0,0,0,0,0,0,0,0,0,0
4,14.4.24,T3V9-12_14,14,1,NA,27.5,,,0,0,0,0,0,0,0,0,0,0,0,0,0,0,0
4,14.4.24,T3V15-20_14,15,1,1,27.5,,,0,0.1505,0.326320501,0.2234,0.1505,0.326,0,0.674,0,0,1,1,0,0,0
4,14.4.24,T3V15-20_14,16,1,2,27.5,,,0,0.1295,0.211327649,0.1642,0.1295,0.211,0,0.789,0,0,1,1,0,0,0.352
4,14.4.24,T3V15-20_14,17,1,NA,27.5,,,0,0,0,0,0,0,0,0,0,0,0,0,0,0,0
4,14.4.24,T3V15-20_14,18,1,NA,27.5,,,0,0,0,0,0,0,0,0,0,0,0,0,0,0,0
4,14.4.24,T3V15-20_14,19,1,NA,27.5,,,0,0,0,0,0,0,0,0,0,0,0,0,0,0,0
4,14.4.24,T3V15-20_14,20,1,3,27.5,,,0,0.1012,0.431141091,0.1779,0.1012,0.431,0,0.569,0,0,1,1,0,0,-0.323
4,14.4.24,T3V15-20_14,20,2,4,27.5,,,0,0.1158,0.419257773,0.1994,0.1158,0.419,0,0.581,0,0,1,1,0,0,-0.285
4,14.4.24,T3V21-26_14,21,1,1,27.5,,,0,0.1002,0.334219269,0.1505,0.1002,0.334,0,0.666,0,0,1,1,0,0,0
4,14.4.24,T3V21-26_14,21,2,2,27.5,,,0,0.1017,0.206088993,0.1281,0.1017,0.206,0,0.794,0,0,1,1,0,0,0.384
4,14.4.24,T3V21-26_14,22,1,3,27.5,,,0,0.1232,0.351920042,0.1901,0.1232,0.352,0,0.648,0,0,1,1,0,0,-0.053
4,14.4.24,T3V21-26_14,23,1,NA,27.5,,,0,0,0,0,0,0,0,0,0,0,0,0,0,0,0
4,14.4.24,T3V21-26_14,24,1,NA,27.5,,,0,0,0,0,0,0,0,0,0,0,0,0,0,0,0
4,14.4.24,T3V21-26_14,25,1,4,27.5,,,0,0.1241,0.377632899,0.1994,0.1241,0.377,0,0.623,0,0,1,1,0,0,-0.129
4,14.4.24,T3V21-26_14,26,1,5,27.5,,,0,0.1388,0.144793592,0.1623,0.1388,0.145,0,0.855,0,0,1,1,0,0,0.568
4,14.4.24,T3V21-26_14,26,2,6,27.5,,,0,0.2082,0.182246661,0.2546,0.2082,0.182,0,0.818,0,0,1,1,0,0,0.455
4,14.4.24,T3V27-32_14,27,1,1,27.5,,,0,0.1593,0.351912124,0.2458,0.1593,0.352,0,0.648,0,0,1,1,0,0,0
4,14.4.24,T3V27-32_14,27,2,2,27.5,,,0,0.2243,0.193455592,0.2781,0.2243,0.193,0,0.807,0,0,1,1,0,0,0.451
4,14.4.24,T3V27-32_14,28,1,3,27.5,,,0,0.1662,0.489400922,0.3255,0.1662,0.489,0,0.511,0,0,1,1,0,0,-0.391
4,14.4.24,T3V27-32_14,28,2,4,27.5,,,0,0.196,0.28519329,0.2742,0.196,0.285,0,0.715,0,0,1,1,0,0,0.19
4,14.4.24,T3V27-32_14,29,1,5,27.5,,,0,0.1593,0.466510382,0.2986,0.1593,0.466,0,0.534,0,0,1,1,0,0,-0.326
4,14.4.24,T3V27-32_14,29,2,6,27.5,,,0,0.1007,0.516330451,0.2082,0.1007,0.516,0,0.484,0,0,1,1,0,0,-0.468
4,14.4.24,T3V27-32_14,30,1,7,27.5,,,0,0.1085,0.28852459,0.1525,0.1085,0.288,0,0.712,0,0,1,1,0,0,0.18
4,14.4.24,T3V27-32_14,31,1,8,27.5,,,0,0.1149,0.105836576,0.1285,0.1149,0.106,0,0.894,0,0,1,1,0,0,0.697
4,14.4.24,T3V27-32_14,32,1,NA,27.5,,,0,0,0,0,0,0,0,0,0,0,0,0,0,0,0
4,14.4.24,T3V33-38_14,33,1,1,27.5,,,0,0.2067,0.076820009,0.2239,0.2067,0.076,0,0.924,0,0,1,1,0,0,0
4,14.4.24,T3V33-38_14,34,1,NA,27.5,,,0,0,0,0,0,0,0,0,0,0,0,0,0,0,0
4,14.4.24,T3V33-38_14,35,1,NA,27.5,,,0,0,0,0,0,0,0,0,0,0,0,0,0,0,0
4,14.4.24,T3V33-38_14,36,1,2,27.5,,,0,0.1383,0.202881844,0.1735,0.1383,0.203,0,0.797,0,0,1,1,0,0,-1.654
4,14.4.24,T3V33-38_14,36,2,3,27.5,,,0,0.2292,0.078778135,0.2488,0.2292,0.079,0,0.921,0,0,1,1,0,0,-0.028
4,14.4.24,T3V33-38_14,37,1,4,27.5,,,0,0.1119,0.580741851,0.2669,0.1119,0.581,0,0.419,0,0,1,1,0,0,-6.597
4,14.4.24,T3V33-38_14,37,2,5,27.5,,,0,0.1632,0.49095446,0.3206,0.1632,0.491,0,0.509,0,0,1,1,0,0,-5.423
4,14.4.24,T3V33-38_14,38,1,NA,27.5,,,0,0,0,0,0,0,0,0,0,0,0,0,0,0,0
4,14.4.24,T3V39-42_14,39,1,NA,27.5,,,0,0,0,0,0,0,0,0,0,0,0,0,0,0,0
4,14.4.24,T3V39-42_14,40,1,NA,27.5,,,0,0,0,0,0,0,0,0,0,0,0,0,0,0,0
4,14.4.24,T3V39-42_14,41,1,1,27.5,,,0,0.1608,0.060198714,0.1711,0.1608,0.06,0,0.94,0,0,1,1,0,0,0
4,14.4.24,T3V39-42_14,41,2,2,27.5,,,0,0.2082,0.188620421,0.2566,0.2082,0.189,0,0.811,0,0,1,1,0,0,-2.143
4,14.4.24,T3V39-42_14,41,3,3,27.5,,,0,0.1862,0.040206186,0.194,0.1862,0.04,0,0.96,0,0,1,1,0,0,0.328
4,14.4.24,T3V39-42_14,42,1,4,27.5,,,0,0.1285,0.269886364,0.176,0.1285,0.269,0,0.731,0,0,1,1,0,0,-3.491
4,14.4.24,T3V39-42_14,42,2,5,27.5,,,0,0.1413,0.216740576,0.1804,0.1413,0.217,0,0.783,0,0,1,1,0,0,-2.613
4,14.4.24,T2V1-6_14,1,1,NA,31,,,0,0,0,0,0,0,0,0,0,0,0,0,0,0,0
4,14.4.24,T2V1-6_14,2,1,1,31,,,0,0.2488,0.21315623,0.3162,0.2488,0.213,0,0.787,0,0,1,1,0,0,0
4,14.4.24,T2V1-6_14,2,2,2,31,,,0,0.0968,0.111926606,0.109,0.0968,0.112,0,0.888,0,0,1,1,0,0,0.474
4,14.4.24,T2V1-6_14,3,1,NA,31,,,0,0,0,0,0,0,0,0,0,0,0,0,0,0,0
4,14.4.24,T2V1-6_14,4,1,3,31,,,0,0.1139,0.06409203,0.1217,0.1139,0.064,0,0.936,0,0,1,1,0,0,0.699
4,14.4.24,T2V1-6_14,5,1,4,31,,,0,0.0978,0.129893238,0.1124,0.0978,0.13,0,0.87,0,0,1,1,0,0,0.388
4,14.4.24,T2V1-6_14,6,1,5,31,,,0,0.1237,0.066415094,0.1325,0.1237,0.066,0,0.934,0,0,1,1,0,0,0.689
4,14.4.24,T2V7-12_14,7,1,1,31,,,0,0.1344,0.124429967,0.1535,0.1344,0.124,0,0.876,0,0,1,1,0,0,0
4,14.4.24,T2V7-12_14,7,2,2,31,,,0,0.151,0.05210295,0.1593,0.151,0.052,0,0.948,0,0,1,1,0,0,0.58
4,14.4.24,T2V7-12_14,8,1,NA,31,,,0,0,0,0,0,0,0,0,0,0,0,0,0,0,0
4,14.4.24,T2V7-12_14,9,1,3,31,,,0,0.0953,0.232070911,0.1241,0.0953,0.232,0,0.768,0,0,1,1,0,0,-0.87
4,14.4.24,T2V7-12_14,9,2,4,31,,,0,0.1618,0.363493312,0.2542,0.1618,0.363,0,0.637,0,0,1,1,0,0,-1.926
4,14.4.24,T2V7-12_14,9,3,5,31,,,0,0.173,0.389770723,0.2835,0.173,0.39,0,0.61,0,0,1,1,0,0,-2.137
4,14.4.24,T2V7-12_14,10,1,6,31,,,0,0.1852,0.106177606,0.2072,0.1852,0.106,0,0.894,0,0,1,1,0,0,0.146
4,14.4.24,T2V7-12_14,10,2,7,31,,,0,0.238,0.093333333,0.2625,0.238,0.093,0,0.907,0,0,1,1,0,0,0.25
4,14.4.24,T2V7-12_14,10,3,8,31,,,0,0.2312,0.097227645,0.2561,0.2312,0.097,0,0.903,0,0,1,1,0,0,0.216
4,14.4.24,T2V7-12_14,11,1,9,31,,,0,0.1808,0.082233503,0.197,0.1808,0.082,0,0.918,0,0,1,1,0,0,0.341
4,14.4.24,T2V7-12_14,12,1,10,31,,,0,0.1383,0.226942426,0.1789,0.1383,0.227,0,0.773,0,0,1,1,0,0,-0.826
4,14.4.24,T2V13-18_14,13,1,1,31,,,0,0.1281,0.299234136,0.1828,0.1281,0.299,0,0.701,0,0,1,1,0,0,0
4,14.4.24,T2V13-18_14,14,1,2,31,,,0,0.1222,0.09414381,0.1349,0.1222,0.094,0,0.906,0,0,1,1,0,0,0.685
4,14.4.24,T2V13-18_14,15,1,3,31,,,0,0.0953,0.129680365,0.1095,0.0953,0.129,0,0.871,0,0,1,1,0,0,0.568
4,14.4.24,T2V13-18_14,15,2,4,31,,,0,0.1329,0.328448711,0.1979,0.1329,0.328,0,0.672,0,0,1,1,0,0,-0.097
4,14.4.24,T2V13-18_14,15,3,5,31,,,0,0.1481,0.126768868,0.1696,0.1481,0.127,0,0.873,0,0,1,1,0,0,0.577
4,14.4.24,T2V13-18_14,16,1,6,31,,,0,0.1466,0.109896782,0.1647,0.1466,0.11,0,0.89,0,0,1,1,0,0,0.633
4,14.4.24,T2V13-18_14,17,1,7,31,,,0,0.1808,0.034188034,0.1872,0.1808,0.034,0,0.966,0,0,1,1,0,0,0.887
4,14.4.24,T2V13-18_14,18,1,8,31,,,0,0.089,0.498308906,0.1774,0.089,0.499,0,0.501,0,0,1,1,0,0,-0.665
4,14.4.24,T2V13-18_14,18,2,9,31,,,0,0.088,0.498575499,0.1755,0.088,0.499,0,0.501,0,0,1,1,0,0,-0.655
4,14.4.24,T2V13-18_14,18,3,10,31,,,0,0.1457,0.099505562,0.1618,0.1457,0.1,0,0.9,0,0,1,1,0,0,0.667
4,14.4.24,T2V13-18_14,18,4,11,31,,,0,0.1383,0.06300813,0.1476,0.1383,0.063,0,0.937,0,0,1,1,0,0,0.79
4,14.4.24,T2V19-24_14,19,1,1,31,,,0,0.0973,0.156114484,0.1153,0.0973,0.157,0,0.843,0,0,1,1,0,0,0
4,14.4.24,T2V19-24_14,20,1,2,31,,,0,0.2571,0.055473916,0.2722,0.2571,0.056,0,0.944,0,0,1,1,0,0,0.645
4,14.4.24,T2V19-24_14,20,2,3,31,,,0,0.2067,0.107898144,0.2317,0.2067,0.108,0,0.892,0,0,1,1,0,0,0.314
4,14.4.24,T2V19-24_14,21,1,4,31,,,0,0.0777,0.140486726,0.0904,0.0777,0.141,0,0.859,0,0,1,1,0,0,0.104
4,14.4.24,T2V19-24_14,22,1,NA,31,,,0,0,0,0,0,0,0,0,0,0,0,0,0,0,0
4,14.4.24,T2V19-24_14,23,1,NA,31,,,0,0,0,0,0,0,0,0,0,0,0,0,0,0,0
4,14.4.24,T2V19-24_14,24,1,NA,31,,,0,0,0,0,0,0,0,0,0,0,0,0,0,0,0
4,14.4.24,T2V25-30_14,25,1,1,31,,,0,0.1725,0.301053485,0.2468,0.1725,0.301,0,0.699,0,0,1,1,0,0,0
4,14.4.24,T2V25-30_14,25,2,2,31,,,0,0.1144,0.313737253,0.1667,0.1144,0.314,0,0.686,0,0,1,1,0,0,-0.043
4,14.4.24,T2V25-30_14,25,3,3,31,,,0,0.154,0.332466407,0.2307,0.154,0.333,0,0.667,0,0,1,1,0,0,-0.105
4,14.4.24,T2V25-30_14,26,1,4,31,,,0,0.1075,0.060314685,0.1144,0.1075,0.06,0,0.94,0,0,1,1,0,0,0.801
4,14.4.24,T2V25-30_14,27,1,5,31,,,0,0.151,0.109669811,0.1696,0.151,0.11,0,0.89,0,0,1,1,0,0,0.636
4,14.4.24,T2V25-30_14,28,1,NA,31,,,0,0,0,0,0,0,0,0,0,0,0,0,0,0,0
4,14.4.24,T2V25-30_14,29,1,NA,31,,,0,0,0,0,0,0,0,0,0,0,0,0,0,0,0
4,14.4.24,T2V25-30_14,30,1,NA,31,,,0,0,0,0,0,0,0,0,0,0,0,0,0,0,0
4,14.4.24,T2V31-36_14,31,1,NA,31,,,0,0,0,0,0,0,0,0,0,0,0,0,0,0,0
4,14.4.24,T2V31-36_14,32,1,1,31,,,0,0.1926,0.047948591,0.2023,0.1926,0.048,0,0.952,0,0,1,1,0,0,0
4,14.4.24,T2V31-36_14,33,1,2,31,,,0,0.1173,0.41025641,0.1989,0.1173,0.41,0,0.59,0,0,1,1,0,0,-7.494
4,14.4.24,T2V31-36_14,33,2,3,31,,,0,0.1339,0.138352638,0.1554,0.1339,0.138,0,0.862,0,0,1,1,0,0,-1.864
4,14.4.24,T2V31-36_14,33,3,4,31,,,0,0.0885,0.546153846,0.195,0.0885,0.546,0,0.454,0,0,1,1,0,0,-10.31
4,14.4.24,T2V31-36_14,33,4,5,31,,,0,0.1486,0.344797178,0.2268,0.1486,0.345,0,0.655,0,0,1,1,0,0,-6.138
4,14.4.24,T2V31-36_14,34,1,NA,31,,,0,0,0,0,0,0,0,0,0,0,0,0,0,0,0
4,14.4.24,T2V31-36_14,35,1,6,31,,,0,0.1329,0.102633356,0.1481,0.1329,0.102,0,0.898,0,0,1,1,0,0,-1.118
4,14.4.24,T2V31-36_14,36,1,NA,31,,,0,0,0,0,0,0,0,0,0,0,0,0,0,0,0
4,14.4.24,T2V37-42_14,37,1,1,31,,,0,0.1891,0.083373728,0.2063,0.1891,0.083,0,0.917,0,0,1,1,0,0,0
4,14.4.24,T2V37-42_14,37,2,2,31,,,0,0.1735,0.084915612,0.1896,0.1735,0.085,0,0.915,0,0,1,1,0,0,-0.025
4,14.4.24,T2V37-42_14,38,1,3,31,,,0,0.129,0.331952356,0.1931,0.129,0.332,0,0.668,0,0,1,1,0,0,-2.999
4,14.4.24,T2V37-42_14,39,1,NA,31,,,0,0,0,0,0,0,0,0,0,0,0,0,0,0,0
4,14.4.24,T2V37-42_14,40,1,4,31,,,0,0.1334,0.157828283,0.1584,0.1334,0.157,0,0.843,0,0,1,1,0,0,-0.898
4,14.4.24,T2V37-42_14,41,1,NA,31,,,0,0,0,0,0,0,0,0,0,0,0,0,0,0,0
4,14.4.24,T2V37-42_14,42,1,NA,31,,,0,0,0,0,0,0,0,0,0,0,0,0,0,0,0
4,14.4.24,T1V1-5_14,1,1,NA,35.5,,,0,0,0,0,0,0,0,0,0,0,0,0,0,0,0
4,14.4.24,T1V1-5_14,2,1,NA,35.5,,,0,0,0,0,0,0,0,0,0,0,0,0,0,0,0
4,14.4.24,T1V1-5_14,3,1,NA,35.5,,,0,0,0,0,0,0,0,0,0,0,0,0,0,0,0
4,14.4.24,T1V1-5_14,4,1,NA,35.5,,,0,0,0,0,0,0,0,0,0,0,0,0,0,0,0
4,14.4.24,T1V1-5_14,5,1,NA,35.5,,,0,0,0,0,0,0,0,0,0,0,0,0,0,0,0
4,14.4.24,T1V1-5_14,6,1,NA,35.5,,,0,0,0,0,0,0,0,0,0,0,0,0,0,0,0
4,14.4.24,T1V7V9V11_14,7,1,NA,35.5,,,0,0,0,0,0,0,0,0,0,0,0,0,0,0,0
4,14.4.24,T1V7V9V11_14,9,1,NA,35.5,,,0,0,0,0,0,0,0,0,0,0,0,0,0,0,0
4,14.4.24,T1V7V9V11_14,11,1,NA,35.5,,,0,0,0,0,0,0,0,0,0,0,0,0,0,0,0
4,14.4.24,T1V14-15-23-24-30-ect_14,14,1,NA,35.5,,,0,0,0,0,0,0,0,0,0,0,0,0,0,0,0
4,14.4.24,T1V14-15-23-24-30-ect_14,15,1,NA,35.5,,,0,0,0,0,0,0,0,0,0,0,0,0,0,0,0
4,14.4.24,T1V14-15-23-24-30-ect_14,23,1,NA,35.5,,,0,0,0,0,0,0,0,0,0,0,0,0,0,0,0
4,14.4.24,T1V14-15-23-24-30-ect_14,24,1,NA,35.5,,,0,0,0,0,0,0,0,0,0,0,0,0,0,0,0
4,14.4.24,T1V14-15-23-24-30-ect_14,30,1,NA,35.5,,,0,0,0,0,0,0,0,0,0,0,0,0,0,0,0
4,14.4.24,T1V14-15-23-24-30-ect_14,31,1,NA,35.5,,,0,0,0,0,0,0,0,0,0,0,0,0,0,0,0
4,14.4.24,T1V32-33-34-37-38-39-etc_14,32,1,NA,35.5,,,0,0,0,0,0,0,0,0,0,0,0,0,0,0,0
4,14.4.24,T1V32-33-34-37-38-39-etc_14,33,1,NA,35.5,,,0,0,0,0,0,0,0,0,0,0,0,0,0,0,0
4,14.4.24,T1V32-33-34-37-38-39-etc_14,34,1,NA,35.5,,,0,0,0,0,0,0,0,0,0,0,0,0,0,0,0
4,14.4.24,T1V32-33-34-37-38-39-etc_14,37,1,NA,35.5,,,0,0,0,0,0,0,0,0,0,0,0,0,0,0,0
4,14.4.24,T1V32-33-34-37-38-39-etc_14,38,1,NA,35.5,,,0,0,0,0,0,0,0,0,0,0,0,0,0,0,0
4,14.4.24,T1V32-33-34-37-38-39-etc_14,39,1,NA,35.5,,,0,0,0,0,0,0,0,0,0,0,0,0,0,0,0
4,14.4.24,T1V42_14,42,1,NA,35.5,,,0,0,0,0,0,0,0,0,0,0,0,0,0,0,0
7,17.4.24,T2_and_T1_samples_17,38,1,NA,27.5,,,0,0,0,0,0,0,0,0,0,0,0,0,0,0,0
7,17.4.24,T2_and_T1_samples_17,12,1,1,31,,,0,0.2312,0.086887836,0.2532,0.2312,0.087,0,0.913,0,0,1,1,0,0,0
7,17.4.24,T2_and_T1_samples_17,12,2,2,31,,,0,0.218,0.062768702,0.2326,0.218,0.063,0,0.937,0,0,1,1,0,0,0.275
7,17.4.24,T2_and_T1_samples_17,29,1,3,31,,,0,0.2419,0.221936314,0.3109,0.2419,0.222,0,0.778,0,0,1,1,0,0,-1.552
7,17.4.24,T2_and_T1_samples_17,30,1,NA,31,,,0,0,0,0,0,0,0,0,0,0,0,0,0,0,0
7,17.4.24,T2_and_T1_samples_17,40,1,4,31,,,0,0.0855,0.200934579,0.107,0.0855,0.201,0,0.799,0,0,1,1,0,0,-1.313
7,17.4.24,T2_and_T1_samples_17,40,2,5,31,,,0,0.0899,0.116027532,0.1017,0.0899,0.115,0,0.885,0,0,1,1,0,0,-0.328
7,17.4.24,T2_and_T1_samples_17,42,1,6,31,,,0,0.1535,0.084128878,0.1676,0.1535,0.085,0,0.915,0,0,1,1,0,0,0.027
7,17.4.24,T3V31_17,31,1,NA,35.5,,,0,0,0,0,0,0,0,0,0,0,0,0,0,0,0
8,18.4.24,T2V23V41_18,23,1,1,31,,,0,0.1339,0.391086858,0.2199,0.1339,0.391,0,0.609,0,0,1,1,0,0,0
8,18.4.24,T2V23V41_18,23,2,2,31,,,0,0.1789,0.068714211,0.1921,0.1789,0.069,0,0.931,0,0,1,1,0,0,0.824
8,18.4.24,T2V23V41_18,23,3,3,31,,,0,0.1691,0.197437114,0.2107,0.1691,0.197,0,0.803,0,0,1,1,0,0,0.496
8,18.4.24,T2V23V41_18,41,1,4,31,,,0,0.3416,0.137155847,0.3959,0.3416,0.137,0,0.863,0,0,1,1,0,0,0.65
9,19.4.24,T2V2V13V17_19,2,1,1,31,,,0,0.283,0.303298868,0.4062,0.283,0.303,0,0.697,0,0,1,1,0,0,0
9,19.4.24,T2V2V13V17_19,13,1,2,31,,,0,0.0992,0.161453931,0.1183,0.0992,0.161,0,0.839,0,0,1,1,0,0,0.469
9,19.4.24,T2V2V13V17_19,13,2,3,31,,,0,0.2527,0.046055115,0.2649,0.2527,0.046,0,0.954,0,0,1,1,0,0,0.848
9,19.4.24,T2V2V13V17_19,13,3,4,31,,,0,0.1442,0.149764151,0.1696,0.1442,0.15,0,0.85,0,0,1,1,0,0,0.506
9,19.4.24,T2V2V13V17_19,17,1,5,31,,,0,0.1075,0.150868878,0.1266,0.1075,0.151,0,0.849,0,0,1,1,0,0,0.503
9,19.4.24,T2V2V13V17_19,17,2,6,31,,,0,0.1031,0.169218372,0.1241,0.1031,0.169,0,0.831,0,0,1,1,0,0,0.442
9,19.4.24,T2V2V13V17_19,17,3,7,31,,,0,0.108,0.169230769,0.13,0.108,0.169,0,0.831,0,0,1,1,0,0,0.442
14,24.4.24,T2V1V21V24_24,1,1,1,31,,,0,0.2033,0.069565217,0.2185,0.2033,0.069,0,0.931,0,0,1,1,0,0,0
14,24.4.24,T2V1V21V24_24,21,1,2,31,,,0,0.3866,0.148645673,0.4541,0.3866,0.149,0,0.851,0,0,1,1,0,0,-1.142
14,24.4.24,T2V1V21V24_24,24,1,3,31,,,0,0.2698,0.123741475,0.3079,0.2698,0.124,0,0.876,0,0,1,1,0,0,-0.785
15,25.4.24,T2V7V8V26_T1V12_25,12,1,1,27.5,,,0,0.2116,0.06495802,0.2263,0.2116,0.065,0,0.935,0,0,1,1,0,0,0
15,25.4.24,T2V7V8V26_T1V12_25,7,1,2,31,,,0,0.2019,0.05917987,0.2146,0.2019,0.059,0,0.941,0,0,1,1,0,0,0.086
15,25.4.24,T2V7V8V26_T1V12_25,8,1,3,31,,,0,0.1613,0.11761488,0.1828,0.1613,0.118,0,0.882,0,0,1,1,0,0,-0.816
15,25.4.24,T2V7V8V26_T1V12_25,26,1,4,31,,,0,0.2571,0.169036846,0.3094,0.2571,0.169,0,0.831,0,0,1,1,0,0,-1.609
15,25.4.25,T2V7V8V26_T1V12_26,12,1,5,27.5,,,0,0.2576,0.166073163,0.3089,0.2576,0.166,0,0.834,0,0,1,1,0,0,0
16,26.4.25,T1V41V30V33_T2V31_26,41,1,1,27.5,,,0,0.1188,0.205882353,0.1496,0.1188,0.206,0,0.794,0,0,1,1,0,0,0
16,26.4.25,T1V41V30V33_T2V31_26,41,2,2,27.5,,,0,0.0978,0.159071367,0.1163,0.0978,0.16,0,0.84,0,0,1,1,0,0,0.224
16,26.4.25,T1V41V30V33_T2V31_26,30,1,3,27.5,,,0,0.2669,0.230835735,0.347,0.2669,0.231,0,0.769,0,0,1,1,0,0,-0.122
16,26.4.25,T1V41V30V33_T2V31_26,30,2,4,27.5,,,0,0.2336,0.203545857,0.2933,0.2336,0.203,0,0.797,0,0,1,1,0,0,0.012
16,26.4.25,T1V41V30V33_T2V31_26,30,3,5,27.5,,,0,0.3113,0.176019058,0.3778,0.3113,0.176,0,0.824,0,0,1,1,0,0,0.145
16,26.4.25,T1V41V30V33_T2V31_26,33,1,NA,27.5,,,0,0,0,0,0,0,0,0,0,0,0,0,0,0,0
16,26.4.25,T1V41V30V33_T2V31_26,31,1,6,31,,,0,0.0875,-0.052948255,0.0831,0.0875,0,0,1,0,0,1,1,0,0,1
17,27.4.25,T2V6_27,6,1,1,31,,,0,0.3211,0.37187011,0.5112,0.3211,0.372,0,0.628,0,0,1,1,0,0,0
17,27.4.25,T2V6_27,6,2,2,31,,,0,0.3187,0.283498201,0.4448,0.3187,0.284,0,0.716,0,0,1,1,0,0,0.238
17,27.4.25,T2V6_27,6,3,3,31,,,0,0.5626,0.401425684,0.9399,0.5626,0.401,0,0.599,0,0,1,1,0,0,-0.079
17,27.4.25,T2V6_27,6,4,4,31,,,0,0.2146,0.240353982,0.2825,0.2146,0.24,0,0.76,0,0,1,1,0,0,0.353
19,29.4.24,T2V3V14V27_T1V32_29,3,1,1,31,,,0,0.5283,0.29672524,0.7512,0.5283,0.297,0,0.703,0,0,1,1,0,0,0
19,29.4.24,T2V3V14V27_T1V32_29,3,2,2,31,,,0,0.3788,0.145499662,0.4433,0.3788,0.146,0,0.854,0,0,1,1,0,0,0.509
19,29.4.24,T2V3V14V27_T1V32_29,14,1,3,31,,,0,0.3192,0.228053204,0.4135,0.3192,0.228,0,0.772,0,0,1,1,0,0,0.231
19,29.4.24,T2V3V14V27_T1V32_29,14,2,4,31,,,0,0.4717,0.130506912,0.5425,0.4717,0.131,0,0.869,0,0,1,1,0,0,0.56
19,29.4.24,T2V3V14V27_T1V32_29,27,1,NA,31,,,0,0,0,0,0,0,0,0,0,0,0,0,0,0,0
19,29.4.24,T2V3V14V27_T1V32_29,32,1,5,27.5,,,0,0.1828,0.163386728,0.2185,0.1828,0.163,0,0.837,0,0,1,1,0,0,0.45
19,29.4.24,T2V3V14V27_T1V32_29,32,2,6,27.5,,,0,0.2307,0.179003559,0.281,0.2307,0.179,0,0.821,0,0,1,1,0,0,0.396
20,30.4.24,T2V3V10V20V37_T1V15_30,3,1,1,31,,,0,0.1896,0.612428455,0.4892,0.1896,0.612,0,0.388,0,0,1,1,0,0,0
20,30.4.24,T2V3V10V20V37_T1V15_30,3,2,2,31,,,0,0.2307,0.348120938,0.3539,0.2307,0.348,0,0.652,0,0,1,1,0,0,0.432
20,30.4.24,T2V3V10V20V37_T1V15_30,10,1,3,31,,,0,0.219,0.177927928,0.2664,0.219,0.178,0,0.822,0,0,1,1,0,0,0.709
20,30.4.24,T2V3V10V20V37_T1V15_30,10,2,4,31,,,0,0.4306,0.232578863,0.5611,0.4306,0.233,0,0.767,0,0,1,1,0,0,0.62
20,30.4.24,T2V3V10V20V37_T1V15_30,20,1,5,31,,,0,0.0841,0.228440367,0.109,0.0841,0.229,0,0.771,0,0,1,1,0,0,0.627
20,30.4.24,T2V3V10V20V37_T1V15_30,37,1,6,31,,,0,0.3324,0.282538312,0.4633,0.3324,0.283,0,0.717,0,0,1,1,0,0,0.538
20,30.4.24,T2V3V10V20V37_T1V15_30,37,2,7,31,,,0,0.2796,0.226983688,0.3617,0.2796,0.227,0,0.773,0,0,1,1,0,0,0.629
20,30.4.24,T2V3V10V20V37_T1V15_30,15,1,8,27.5,,,0,0.2458,0.241358025,0.324,0.2458,0.241,0,0.759,0,0,1,1,0,0,0.606
20,30.4.24,T2V3V10V20V37_T1V15_30,15,2,9,27.5,,,0,0.217,0.186961409,0.2669,0.217,0.187,0,0.813,0,0,1,1,0,0,0.695
21,1.5.24,T216_T1V18_1,16,1,1,31,,,0,0.1251,0.171523179,0.151,0.1251,0.172,0,0.828,0,0,1,1,0,0,0
21,1.5.24,T216_T1V18_1,18,1,2,27.5,,,0,0.1065,0.099746407,0.1183,0.1065,0.099,0,0.901,0,0,1,1,0,0,0.422
22,2.5.24,T1V1-6_2,1,1,1,27.5,,,0,0.2063,0.080249666,0.2243,0.2063,0.081,0,0.919,0,0,1,1,0,0,0
22,2.5.24,T1V1-6_2,2,1,2,27.5,,,0,0.3236,0.142327061,0.3773,0.3236,0.142,0,0.858,0,0,1,1,0,0,-0.768
22,2.5.24,T1V1-6_2,3,1,3,27.5,,,0,0.2678,0.313333333,0.39,0.2678,0.313,0,0.687,0,0,1,1,0,0,-2.886
22,2.5.24,T1V1-6_2,3,2,4,27.5,,,0,0.3807,0.295130531,0.5401,0.3807,0.295,0,0.705,0,0,1,1,0,0,-2.66
22,2.5.24,T1V1-6_2,4,1,5,27.5,,,0,0.197,0.198535395,0.2458,0.197,0.199,0,0.801,0,0,1,1,0,0,-1.466
22,2.5.24,T1V1-6_2,5,1,6,27.5,,,0,0.5841,0.317081726,0.8553,0.5841,0.317,0,0.683,0,0,1,1,0,0,-2.934
22,2.5.24,T1V1-6_2,5,2,7,27.5,,,0,0.3578,0.190131281,0.4418,0.3578,0.19,0,0.81,0,0,1,1,0,0,-1.36
22,2.5.24,T1V1-6_2,6,1,8,27.5,,,0,0.1632,0.099834528,0.1813,0.1632,0.1,0,0.9,0,0,1,1,0,0,-0.237
22,2.5.24,T1V7-11V13_2,7,1,1,27.5,,,0,0.2048,0.219809524,0.2625,0.2048,0.22,0,0.78,0,0,1,1,0,0,0
22,2.5.24,T1V7-11V13_2,8,1,2,27.5,,,0,0.1535,0.094929245,0.1696,0.1535,0.095,0,0.905,0,0,1,1,0,0,0.567
22,2.5.24,T1V7-11V13_2,9,1,3,27.5,,,0,0.2928,0.235908142,0.3832,0.2928,0.236,0,0.764,0,0,1,1,0,0,-0.074
22,2.5.24,T1V7-11V13_2,10,1,4,27.5,,,0,0.154,0.483394834,0.2981,0.154,0.484,0,0.516,0,0,1,1,0,0,-1.201
22,2.5.24,T1V7-11V13_2,10,2,5,27.5,,,0,0.545,0.365023884,0.8583,0.545,0.365,0,0.635,0,0,1,1,0,0,-0.661
22,2.5.24,T1V7-11V13_2,11,1,6,27.5,,,0,0.3128,0.222277474,0.4022,0.3128,0.222,0,0.778,0,0,1,1,0,0,-0.012
22,2.5.24,T1V7-11V13_2,13,1,7,27.5,,,0,0.2019,0.083938294,0.2204,0.2019,0.084,0,0.916,0,0,1,1,0,0,0.617
22,2.5.24,T1V14V16V17V19V20V21_2,14,1,1,27.5,,,0,0.4457,0.273394196,0.6134,0.4457,0.273,0,0.727,0,0,1,1,0,0,0
22,2.5.24,T1V14V16V17V19V20V21_2,16,1,2,27.5,,,0,0.2678,0.262462132,0.3631,0.2678,0.262,0,0.738,0,0,1,1,0,0,0.04
22,2.5.24,T1V14V16V17V19V20V21_2,17,1,3,27.5,,,0,0.1911,0.168045276,0.2297,0.1911,0.168,0,0.832,0,0,1,1,0,0,0.385
22,2.5.24,T1V14V16V17V19V20V21_2,19,1,4,27.5,,,0,0.5,0.34717326,0.7659,0.5,0.347,0,0.653,0,0,1,1,0,0,-0.27
22,2.5.24,T1V14V16V17V19V20V21_2,19,2,5,27.5,,,0,0.2649,0.301608226,0.3793,0.2649,0.302,0,0.698,0,0,1,1,0,0,-0.103
22,2.5.24,T1V14V16V17V19V20V21_2,20,1,6,27.5,,,0,0.1349,0.264048009,0.1833,0.1349,0.264,0,0.736,0,0,1,1,0,0,0.034
22,2.5.24,T1V14V16V17V19V20V21_2,21,1,7,27.5,,,0,0.1061,0.379894798,0.1711,0.1061,0.38,0,0.62,0,0,1,1,0,0,-0.39
22,2.5.24,T1V14V16V17V19V20V21_2,21,2,8,27.5,,,0,0.2542,0.283540023,0.3548,0.2542,0.284,0,0.716,0,0,1,1,0,0,-0.038
22,2.5.24,T1V22-27_2,22,1,1,27.5,,,0,0.2937,0.208355795,0.371,0.2937,0.208,0,0.792,0,0,1,1,0,0,0
22,2.5.24,T1V22-27_2,23,1,2,27.5,,,0,0.1955,0.150738488,0.2302,0.1955,0.151,0,0.849,0,0,1,1,0,0,0.276
22,2.5.24,T1V22-27_2,24,1,3,27.5,,,0,0.2527,0.208333333,0.3192,0.2527,0.208,0,0.792,0,0,1,1,0,0,0
22,2.5.24,T1V22-27_2,25,1,4,27.5,,,0,0.5078,0.303142583,0.7287,0.5078,0.303,0,0.697,0,0,1,1,0,0,-0.456
22,2.5.24,T1V22-27_2,26,1,5,27.5,,,0,0.4717,0.331206579,0.7053,0.4717,0.331,0,0.669,0,0,1,1,0,0,-0.591
22,2.5.24,T1V22-27_2,27,1,6,27.5,,,0,0.2742,0.27132607,0.3763,0.2742,0.271,0,0.729,0,0,1,1,0,0,-0.304
22,2.5.24,T1V28V29V31V34V35V36_2,28,1,1,27.5,,,0,0.3763,0.208788898,0.4756,0.3763,0.209,0,0.791,0,0,1,1,0,0,0
22,2.5.24,T1V28V29V31V34V35V36_3,29,1,2,27.5,,,0,0.238,0.142651297,0.2776,0.238,0.143,0,0.857,0,0,1,1,0,0,0.316
22,2.5.24,T1V28V29V31V34V35V36_4,31,1,3,27.5,,,0,0.3641,0.200658617,0.4555,0.3641,0.201,0,0.799,0,0,1,1,0,0,0.038
22,2.5.24,T1V28V29V31V34V35V36_5,34,1,4,27.5,,,0,0.1628,0.219932918,0.2087,0.1628,0.22,0,0.78,0,0,1,1,0,0,-0.055
22,2.5.24,T1V28V29V31V34V35V36_6,35,1,5,27.5,,,0,0.325,0.309538984,0.4707,0.325,0.309,0,0.691,0,0,1,1,0,0,-0.483
22,2.5.24,T1V28V29V31V34V35V36_7,36,1,6,27.5,,,0,0.3358,0.352487466,0.5186,0.3358,0.352,0,0.648,0,0,1,1,0,0,-0.69
22,2.5.24,T1V37V39V40V42_2,37,1,1,27.5,,,0,0.1173,0.114716981,0.1325,0.1173,0.114,0,0.886,0,0,1,1,0,0,0
22,2.5.24,T1V37V39V40V42_2,37,2,2,27.5,,,0,0.3343,0.285988894,0.4682,0.3343,0.286,0,0.714,0,0,1,1,0,0,-1.5
22,2.5.24,T1V37V39V40V42_2,39,1,3,27.5,,,0,0.2058,0.049422633,0.2165,0.2058,0.05,0,0.95,0,0,1,1,0,0,0.566
22,2.5.24,T1V37V39V40V42_2,40,1,4,27.5,,,0,0.3573,0.229624838,0.4638,0.3573,0.23,0,0.77,0,0,1,1,0,0,-1.008
22,2.5.24,T1V37V39V40V42_2,42,2,5,27.5,,,0,0.2444,0.108679796,0.2742,0.2444,0.109,0,0.891,0,0,1,1,0,0,0.049
22,2.5.24,T2V5V9V11V15V18V19_2,5,1,1,31,,,0,0.2766,0.320560059,0.4071,0.2766,0.321,0,0.679,0,0,1,1,0,0,0
22,2.5.24,T2V5V9V11V15V18V19_2,9,1,3,31,,,0,0.2141,0.24745167,0.2845,0.2141,0.247,0,0.753,0,0,1,1,0,0,0.228
22,2.5.24,T2V5V9V11V15V18V19_2,11,1,4,31,,,0,0.1667,0.163991976,0.1994,0.1667,0.164,0,0.836,0,0,1,1,0,0,0.488
22,2.5.24,T2V5V9V11V15V18V19_2,15,1,5,31,,,0,0.2454,0.256138224,0.3299,0.2454,0.256,0,0.744,0,0,1,1,0,0,0.2
22,2.5.24,T2V5V9V11V15V18V19_2,18,1,6,31,,,0,0.26,0.280177187,0.3612,0.26,0.28,0,0.72,0,0,1,1,0,0,0.126
22,2.5.24,T2V5V9V11V15V18V19_2,19,1,7,31,,,0,0.1906,0.277756726,0.2639,0.1906,0.278,0,0.722,0,0,1,1,0,0,0.133
22,2.5.24,T2V22V28V32V33V34V35_2,22,1,1,31,,,0,0.3314,0.272447859,0.4555,0.3314,0.273,0,0.727,0,0,1,1,0,0,0
22,2.5.24,T2V22V28V32V33V34V35_2,28,1,2,31,,,0,0.241,0.16982432,0.2903,0.241,0.17,0,0.83,0,0,1,1,0,0,0.376
22,2.5.24,T2V22V28V32V33V34V35_2,32,1,3,31,,,0,0.088,0.005649718,0.0885,0.088,0,0,1,0,0,1,1,0,0,1
22,2.5.24,T2V22V28V32V33V34V35_2,33,1,4,31,,,0,0.4208,0.324775353,0.6232,0.4208,0.325,0,0.675,0,0,1,1,0,0,-0.191
22,2.5.24,T2V22V28V32V33V34V35_2,34,1,5,31,,,0,0.2786,0.286555698,0.3905,0.2786,0.287,0,0.713,0,0,1,1,0,0,-0.052
22,2.5.24,T2V22V28V32V33V34V35_2,35,1,6,31,,,0,0.2312,0.170136396,0.2786,0.2312,0.17,0,0.83,0,0,1,1,0,0,0.376
22,2.5.24,T2V36V38V39_2,36,1,1,31,,,0,0.4467,0.315926493,0.653,0.4467,0.316,0,0.684,0,0,1,1,0,0,0
22,2.5.24,T2V36V38V39_2,38,1,2,31,,,0,0.1266,0.148048452,0.1486,0.1266,0.148,0,0.852,0,0,1,1,0,0,0.531
22,2.5.24,T2V36V38V39_2,38,2,3,31,,,0,0.2752,0.238095238,0.3612,0.2752,0.238,0,0.762,0,0,1,1,0,0,0.246
22,2.5.24,T2V36V38V39_2,39,1,4,31,,,0,0.1857,0.266587678,0.2532,0.1857,0.266,0,0.734,0,0,1,1,0,0,0.157
